config,backend,broker,kind,n,workers,repeat,enqueue_sec,enqueue_rate,drain_sec,throughput,latency_p50_ms,latency_p95_ms,latency_p99_ms,wait_p50_ms,workers_seen
celery-redis,celery,redis,noop,5000,1,1,3.2,1562.5,11.208,446.1,1.75,2.27,2.77,1.75,1
celery-redis,celery,redis,noop,5000,1,2,3.113,1606.2,11.591,431.4,1.73,2.14,2.34,1.73,1
celery-redis,celery,redis,noop,5000,1,3,3.154,1585.2,11.522,434.0,1.69,2.27,2.42,1.69,1
celery-redis,celery,redis,noop,5000,2,1,3.11,1607.7,6.144,813.8,1.83,2.37,2.44,1.83,2
celery-redis,celery,redis,noop,5000,2,2,3.165,1579.9,6.618,755.5,1.84,2.19,2.32,1.84,2
celery-redis,celery,redis,noop,5000,2,3,3.159,1582.8,5.986,835.3,1.8,2.5,2.73,1.8,2
celery-redis,celery,redis,noop,5000,4,1,3.154,1585.4,3.574,1398.8,2.07,2.58,2.77,2.06,4
celery-redis,celery,redis,noop,5000,4,2,3.207,1559.1,3.335,1499.2,2.0,2.31,2.35,2.0,4
celery-redis,celery,redis,noop,5000,4,3,3.165,1579.6,3.34,1497.2,2.28,2.79,2.87,2.28,4
celery-redis,celery,redis,cpu_small,1000,1,1,0.643,1556.2,51.192,19.5,48.57,55.5,122.06,2.29,1
celery-redis,celery,redis,cpu_small,1000,1,2,0.695,1438.7,51.488,19.4,48.18,59.54,98.46,2.28,1
celery-redis,celery,redis,cpu_small,1000,1,3,0.66,1514.7,51.106,19.6,48.54,56.01,126.89,2.27,1
celery-redis,celery,redis,cpu_small,1000,2,1,0.637,1569.1,26.954,37.1,49.58,66.75,67.64,2.6,2
celery-redis,celery,redis,cpu_small,1000,2,2,0.649,1541.4,26.97,37.1,49.31,59.67,69.51,2.53,2
celery-redis,celery,redis,cpu_small,1000,2,3,0.643,1555.1,26.864,37.2,48.42,99.18,100.89,2.45,2
celery-redis,celery,redis,cpu_small,1000,4,1,0.66,1515.1,14.851,67.3,48.21,59.55,64.47,2.35,4
celery-redis,celery,redis,cpu_small,1000,4,2,0.646,1549.1,14.909,67.1,52.32,61.4,64.05,2.57,4
celery-redis,celery,redis,cpu_small,1000,4,3,0.644,1552.4,15.135,66.1,48.46,54.86,96.58,2.48,4
celery-redis,celery,redis,io_sleep,1000,1,1,0.67,1492.7,59.856,16.7,55.01,56.41,56.55,4.78,1
celery-redis,celery,redis,io_sleep,1000,1,2,0.638,1566.5,59.895,16.7,54.85,56.5,57.09,4.64,1
celery-redis,celery,redis,io_sleep,1000,1,3,0.625,1600.5,60.017,16.7,53.01,57.21,57.69,2.87,1
celery-redis,celery,redis,io_sleep,1000,2,1,0.637,1570.9,30.033,33.3,54.87,57.59,57.73,4.71,2
celery-redis,celery,redis,io_sleep,1000,2,2,0.632,1581.7,29.92,33.4,54.43,56.54,56.69,4.61,2
celery-redis,celery,redis,io_sleep,1000,2,3,0.643,1554.7,30.017,33.3,55.39,57.08,57.1,5.14,2
celery-redis,celery,redis,io_sleep,1000,4,1,0.656,1524.7,15.009,66.6,55.3,57.68,58.44,5.15,4
celery-redis,celery,redis,io_sleep,1000,4,2,0.619,1614.7,14.863,67.3,55.14,57.07,57.14,4.98,4
celery-redis,celery,redis,io_sleep,1000,4,3,0.646,1548.4,14.862,67.3,55.61,57.14,57.31,5.35,4
celery-rabbitmq,celery,rabbitmq,noop,5000,1,1,2.239,2232.8,8.839,565.7,2.65,3.71,4.33,2.65,1
celery-rabbitmq,celery,rabbitmq,noop,5000,1,2,2.101,2379.6,8.93,559.9,1.41,1.87,3.23,1.41,1
celery-rabbitmq,celery,rabbitmq,noop,5000,1,3,2.17,2304.0,9.051,552.4,1.42,2.34,3.28,1.42,1
celery-rabbitmq,celery,rabbitmq,noop,5000,2,1,2.131,2346.2,4.825,1036.2,1.65,2.15,2.32,1.64,2
celery-rabbitmq,celery,rabbitmq,noop,5000,2,2,2.285,2188.4,4.612,1084.2,1.79,2.31,2.46,1.79,2
celery-rabbitmq,celery,rabbitmq,noop,5000,2,3,2.143,2333.2,4.688,1066.7,2.21,2.67,2.67,2.21,2
celery-rabbitmq,celery,rabbitmq,noop,5000,4,1,2.097,2384.3,2.846,1756.8,1.92,2.73,3.05,1.92,4
celery-rabbitmq,celery,rabbitmq,noop,5000,4,2,2.141,2335.4,2.896,1726.7,1.79,2.06,2.15,1.79,4
celery-rabbitmq,celery,rabbitmq,noop,5000,4,3,2.172,2302.5,2.866,1744.4,1.92,2.35,2.62,1.91,4
celery-rabbitmq,celery,rabbitmq,cpu_small,1000,1,1,0.44,2274.6,50.911,19.6,48.14,53.78,124.44,2.18,1
celery-rabbitmq,celery,rabbitmq,cpu_small,1000,1,2,0.461,2166.9,50.698,19.7,47.53,54.12,97.15,2.14,1
celery-rabbitmq,celery,rabbitmq,cpu_small,1000,1,3,0.448,2234.4,50.682,19.7,47.52,56.65,99.55,2.13,1
celery-rabbitmq,celery,rabbitmq,cpu_small,1000,2,1,0.449,2227.6,26.804,37.3,48.56,64.63,79.4,2.3,2
celery-rabbitmq,celery,rabbitmq,cpu_small,1000,2,2,0.445,2248.5,26.701,37.5,48.47,51.51,54.47,2.37,2
celery-rabbitmq,celery,rabbitmq,cpu_small,1000,2,3,0.443,2259.0,26.519,37.7,49.04,98.25,133.1,2.4,2
celery-rabbitmq,celery,rabbitmq,cpu_small,1000,4,1,0.445,2249.1,15.055,66.4,48.96,54.76,55.39,2.32,4
celery-rabbitmq,celery,rabbitmq,cpu_small,1000,4,2,0.441,2265.8,14.898,67.1,48.5,51.66,52.44,2.21,4
celery-rabbitmq,celery,rabbitmq,cpu_small,1000,4,3,0.446,2243.8,14.815,67.5,48.66,59.47,102.56,2.19,4
celery-rabbitmq,celery,rabbitmq,io_sleep,1000,1,1,0.441,2269.7,58.932,17.0,52.7,55.78,57.14,2.53,1
celery-rabbitmq,celery,rabbitmq,io_sleep,1000,1,2,0.437,2287.5,58.552,17.1,54.31,55.55,55.85,4.11,1
celery-rabbitmq,celery,rabbitmq,io_sleep,1000,1,3,0.438,2281.3,58.684,17.0,54.96,56.61,56.79,4.74,1
celery-rabbitmq,celery,rabbitmq,io_sleep,1000,2,1,0.459,2180.6,29.276,34.2,54.72,55.98,56.23,4.52,2
celery-rabbitmq,celery,rabbitmq,io_sleep,1000,2,2,0.441,2267.9,29.358,34.1,54.3,55.65,55.97,4.18,2
celery-rabbitmq,celery,rabbitmq,io_sleep,1000,2,3,0.445,2248.1,29.28,34.2,54.39,56.74,56.75,4.22,2
celery-rabbitmq,celery,rabbitmq,io_sleep,1000,4,1,0.445,2245.4,14.563,68.7,54.79,56.93,56.94,4.56,4
celery-rabbitmq,celery,rabbitmq,io_sleep,1000,4,2,0.44,2270.8,14.489,69.0,53.01,55.93,55.97,2.93,4
celery-rabbitmq,celery,rabbitmq,io_sleep,1000,4,3,0.447,2237.3,14.622,68.4,54.55,56.66,56.81,4.29,4
celery-rabbitmq-confirm,celery,rabbitmq-confirm,noop,5000,1,1,23.916,209.1,9.104,549.2,1.57,1.84,2.68,1.57,1
celery-rabbitmq-confirm,celery,rabbitmq-confirm,noop,5000,1,2,23.874,209.4,9.02,554.3,1.58,1.87,2.52,1.58,1
celery-rabbitmq-confirm,celery,rabbitmq-confirm,noop,5000,1,3,23.563,212.2,8.896,562.1,1.57,1.88,2.51,1.57,1
celery-rabbitmq-confirm,celery,rabbitmq-confirm,noop,5000,2,1,23.836,209.8,4.779,1046.2,1.79,2.32,2.59,1.79,2
celery-rabbitmq-confirm,celery,rabbitmq-confirm,noop,5000,2,2,24.393,205.0,4.764,1049.5,1.81,2.17,2.56,1.81,2
celery-rabbitmq-confirm,celery,rabbitmq-confirm,noop,5000,2,3,23.414,213.5,4.665,1071.9,2.0,2.59,2.94,2.0,2
celery-rabbitmq-confirm,celery,rabbitmq-confirm,noop,5000,4,1,24.055,207.9,2.914,1715.8,2.49,3.66,4.51,2.49,4
celery-rabbitmq-confirm,celery,rabbitmq-confirm,noop,5000,4,2,23.227,215.3,3.033,1648.6,2.06,2.42,2.58,2.06,4
celery-rabbitmq-confirm,celery,rabbitmq-confirm,noop,5000,4,3,23.756,210.5,3.29,1519.9,2.0,2.4,2.44,2.0,4
celery-rabbitmq-confirm,celery,rabbitmq-confirm,cpu_small,1000,1,1,4.669,214.2,51.34,19.5,49.82,70.4,100.63,2.25,1
celery-rabbitmq-confirm,celery,rabbitmq-confirm,cpu_small,1000,1,2,4.736,211.2,51.336,19.5,48.89,79.17,102.89,2.27,1
celery-rabbitmq-confirm,celery,rabbitmq-confirm,cpu_small,1000,1,3,4.749,210.6,51.286,19.5,48.47,50.41,111.88,2.23,1
celery-rabbitmq-confirm,celery,rabbitmq-confirm,cpu_small,1000,2,1,4.793,208.6,26.865,37.2,50.41,62.76,72.4,2.57,2
celery-rabbitmq-confirm,celery,rabbitmq-confirm,cpu_small,1000,2,2,5.074,197.1,26.887,37.2,49.0,53.56,55.36,2.41,2
celery-rabbitmq-confirm,celery,rabbitmq-confirm,cpu_small,1000,2,3,4.796,208.5,26.913,37.2,48.62,100.67,100.71,2.43,2
celery-rabbitmq-confirm,celery,rabbitmq-confirm,cpu_small,1000,4,1,5.504,181.7,14.844,67.4,48.66,59.38,64.66,2.33,4
celery-rabbitmq-confirm,celery,rabbitmq-confirm,cpu_small,1000,4,2,4.568,218.9,14.744,67.8,48.49,49.72,49.98,2.4,4
celery-rabbitmq-confirm,celery,rabbitmq-confirm,cpu_small,1000,4,3,4.78,209.2,14.792,67.6,48.95,52.29,54.8,2.45,4
celery-rabbitmq-confirm,celery,rabbitmq-confirm,io_sleep,1000,1,1,4.722,211.8,58.631,17.1,55.03,56.01,56.08,4.87,1
celery-rabbitmq-confirm,celery,rabbitmq-confirm,io_sleep,1000,1,2,4.683,213.5,58.74,17.0,54.6,56.61,56.63,4.34,1
celery-rabbitmq-confirm,celery,rabbitmq-confirm,io_sleep,1000,1,3,4.808,208.0,58.629,17.1,54.97,56.48,56.54,4.71,1
celery-rabbitmq-confirm,celery,rabbitmq-confirm,io_sleep,1000,2,1,4.973,201.1,29.13,34.3,53.59,56.07,56.32,3.45,2
celery-rabbitmq-confirm,celery,rabbitmq-confirm,io_sleep,1000,2,2,4.769,209.7,29.327,34.1,54.9,56.54,56.81,4.68,2
celery-rabbitmq-confirm,celery,rabbitmq-confirm,io_sleep,1000,2,3,4.905,203.9,29.436,34.0,54.37,55.97,56.39,4.13,2
celery-rabbitmq-confirm,celery,rabbitmq-confirm,io_sleep,1000,4,1,4.713,212.2,14.475,69.1,55.03,56.96,57.57,4.88,4
celery-rabbitmq-confirm,celery,rabbitmq-confirm,io_sleep,1000,4,2,4.859,205.8,14.3,69.9,54.15,56.53,57.32,3.98,4
celery-rabbitmq-confirm,celery,rabbitmq-confirm,io_sleep,1000,4,3,5.119,195.4,14.56,68.7,54.44,56.57,57.09,4.25,4
rq-redis,rq,redis,noop,1000,1,1,0.48,2082.9,76.035,13.2,73.0,88.72,90.21,73.0,1
rq-redis,rq,redis,noop,1000,1,2,0.39,2566.8,75.79,13.2,71.92,75.19,76.32,71.92,1
rq-redis,rq,redis,noop,1000,1,3,0.5,1998.2,76.219,13.1,72.35,83.66,88.21,72.35,1
rq-redis,rq,redis,noop,1000,2,1,0.448,2231.3,40.243,24.8,72.07,89.0,89.44,72.07,2
rq-redis,rq,redis,noop,1000,2,2,0.423,2365.5,40.466,24.7,72.07,80.16,86.88,72.07,2
rq-redis,rq,redis,noop,1000,2,3,0.381,2625.7,40.501,24.7,72.11,76.65,78.34,72.1,2
rq-redis,rq,redis,noop,1000,4,1,0.42,2381.8,22.079,45.3,71.55,74.98,78.99,71.55,4
rq-redis,rq,redis,noop,1000,4,2,0.421,2375.0,22.237,45.0,72.66,89.09,89.73,72.66,4
rq-redis,rq,redis,noop,1000,4,3,0.401,2496.2,22.194,45.1,71.63,79.71,81.0,71.63,4
rq-redis,rq,redis,cpu_small,500,1,1,0.215,2321.2,72.455,6.9,140.3,150.79,156.93,73.74,1
rq-redis,rq,redis,cpu_small,500,1,2,0.211,2365.5,72.187,6.9,142.46,168.35,174.15,73.9,1
rq-redis,rq,redis,cpu_small,500,1,3,0.218,2294.4,72.357,6.9,140.99,149.02,164.77,73.47,1
rq-redis,rq,redis,cpu_small,500,2,1,0.225,2220.1,38.669,12.9,139.84,170.46,171.79,72.11,2
rq-redis,rq,redis,cpu_small,500,2,2,0.222,2251.0,38.85,12.9,139.58,152.57,158.64,72.08,2
rq-redis,rq,redis,cpu_small,500,2,3,0.205,2442.8,38.516,13.0,139.91,150.91,161.84,72.0,2
rq-redis,rq,redis,cpu_small,500,4,1,0.208,2401.3,21.238,23.5,139.56,153.76,162.89,72.45,4
rq-redis,rq,redis,cpu_small,500,4,2,0.204,2449.6,21.18,23.6,139.52,146.84,166.94,72.33,4
rq-redis,rq,redis,cpu_small,500,4,3,0.205,2437.3,21.296,23.5,140.04,172.62,175.33,72.27,4
rq-redis,rq,redis,io_sleep,500,1,1,0.203,2468.0,66.594,7.5,125.62,131.18,136.12,75.41,1
rq-redis,rq,redis,io_sleep,500,1,2,0.199,2510.4,66.867,7.5,126.18,133.83,139.66,75.95,1
rq-redis,rq,redis,io_sleep,500,1,3,0.241,2071.0,67.028,7.5,126.87,142.01,154.23,76.72,1
rq-redis,rq,redis,io_sleep,500,2,1,0.227,2200.7,33.961,14.7,125.61,129.48,130.75,75.37,2
rq-redis,rq,redis,io_sleep,500,2,2,0.215,2326.2,32.77,15.3,125.72,139.93,145.29,75.51,2
rq-redis,rq,redis,io_sleep,500,2,3,0.218,2290.2,33.634,14.9,124.53,148.02,149.51,74.42,2
rq-redis,rq,redis,io_sleep,500,4,1,0.215,2321.9,17.324,28.9,124.78,130.66,136.12,74.64,4
rq-redis,rq,redis,io_sleep,500,4,2,0.239,2093.4,17.293,28.9,125.48,141.84,146.21,75.25,4
rq-redis,rq,redis,io_sleep,500,4,3,0.205,2434.7,17.171,29.1,125.46,133.2,143.29,75.3,4
rq-simple-redis,rq,redis-simple,noop,5000,1,1,1.905,2624.4,16.859,296.6,3.38,5.85,7.26,3.38,1
rq-simple-redis,rq,redis-simple,noop,5000,1,2,1.948,2566.9,16.899,295.9,3.16,4.31,4.43,3.16,1
rq-simple-redis,rq,redis-simple,noop,5000,1,3,2.064,2421.9,17.033,293.6,3.34,3.92,4.36,3.34,1
rq-simple-redis,rq,redis-simple,noop,5000,2,1,1.904,2626.6,9.059,551.9,3.66,4.14,16.18,3.66,2
rq-simple-redis,rq,redis-simple,noop,5000,2,2,1.962,2548.0,9.11,548.8,3.33,3.92,4.01,3.33,2
rq-simple-redis,rq,redis-simple,noop,5000,2,3,1.918,2607.1,9.136,547.3,3.94,4.6,4.6,3.94,2
rq-simple-redis,rq,redis-simple,noop,5000,4,1,1.923,2600.8,5.33,938.1,3.67,3.96,4.33,3.67,4
rq-simple-redis,rq,redis-simple,noop,5000,4,2,1.964,2545.2,5.211,959.6,3.49,4.35,4.48,3.49,4
rq-simple-redis,rq,redis-simple,noop,5000,4,3,2.156,2319.0,5.327,938.6,3.55,4.35,4.4,3.55,4
rq-simple-redis,rq,redis-simple,cpu_small,1000,1,1,0.402,2490.5,53.103,18.8,51.48,65.85,94.66,4.56,1
rq-simple-redis,rq,redis-simple,cpu_small,1000,1,2,0.396,2522.9,53.04,18.9,51.37,56.74,94.5,4.64,1
rq-simple-redis,rq,redis-simple,cpu_small,1000,1,3,0.388,2577.4,53.089,18.8,51.09,57.65,96.28,4.57,1
rq-simple-redis,rq,redis-simple,cpu_small,1000,2,1,0.556,1799.7,27.954,35.8,51.6,53.79,56.78,4.74,2
rq-simple-redis,rq,redis-simple,cpu_small,1000,2,2,0.414,2413.4,27.746,36.0,51.87,92.84,101.48,4.69,2
rq-simple-redis,rq,redis-simple,cpu_small,1000,2,3,0.402,2484.6,27.781,36.0,54.01,66.58,83.89,4.95,2
rq-simple-redis,rq,redis-simple,cpu_small,1000,4,1,0.417,2397.1,15.337,65.2,50.87,63.41,63.94,4.72,4
rq-simple-redis,rq,redis-simple,cpu_small,1000,4,2,0.406,2464.8,15.332,65.2,52.44,91.19,92.48,4.74,4
rq-simple-redis,rq,redis-simple,cpu_small,1000,4,3,0.389,2570.4,15.539,64.4,51.01,57.84,92.78,4.59,4
rq-simple-redis,rq,redis-simple,io_sleep,1000,1,1,0.424,2357.5,63.445,15.8,57.84,60.51,60.7,7.63,1
rq-simple-redis,rq,redis-simple,io_sleep,1000,1,2,0.411,2432.3,63.436,15.8,58.67,62.23,62.81,8.47,1
rq-simple-redis,rq,redis-simple,io_sleep,1000,1,3,0.426,2348.0,63.601,15.7,58.86,62.66,62.89,8.68,1
rq-simple-redis,rq,redis-simple,io_sleep,1000,2,1,0.406,2462.9,31.724,31.5,57.26,62.11,62.64,7.2,2
rq-simple-redis,rq,redis-simple,io_sleep,1000,2,2,0.383,2612.9,31.575,31.7,58.16,61.33,61.46,8.01,2
rq-simple-redis,rq,redis-simple,io_sleep,1000,2,3,0.395,2530.5,31.417,31.8,57.94,60.98,61.06,7.72,2
rq-simple-redis,rq,redis-simple,io_sleep,1000,4,1,0.404,2474.2,15.507,64.5,58.48,63.54,64.1,8.31,4
rq-simple-redis,rq,redis-simple,io_sleep,1000,4,2,0.403,2482.8,15.555,64.3,57.76,61.11,61.85,7.56,4
rq-simple-redis,rq,redis-simple,io_sleep,1000,4,3,0.385,2600.3,15.329,65.2,56.72,60.51,61.58,6.53,4
