config,backend,broker,kind,n,workers,repeat,enqueue_sec,enqueue_rate,total_sec,throughput,latency_p50_ms,latency_p95_ms,latency_p99_ms,wait_p50_ms,workers_seen
celery-redis,celery,redis,noop,1000,1,1,0.997,1002.6,3.205,312.0,1134.8,2091.5,2187.2,1134.8,1
celery-redis,celery,redis,noop,1000,1,2,1.011,989.2,3.309,302.2,1148.2,2185.6,2278.2,1148.2,1
celery-redis,celery,redis,noop,1000,1,3,1.197,835.6,3.61,277.0,1413.2,2294.9,2391.9,1413.2,1
celery-redis,celery,redis,noop,1000,2,1,1.11,900.9,1.803,554.7,360.0,670.3,690.0,360.0,2
celery-redis,celery,redis,noop,1000,2,2,1.155,866.1,1.809,552.7,364.4,634.8,652.7,364.4,2
celery-redis,celery,redis,noop,1000,2,3,1.245,802.9,2.035,491.4,432.1,748.1,778.9,432.1,2
celery-redis,celery,redis,noop,1000,4,1,1.529,654.0,1.531,653.1,3.3,4.9,8.8,3.3,4
celery-redis,celery,redis,noop,1000,4,2,1.351,740.2,1.353,739.3,2.8,3.9,4.4,2.8,4
celery-redis,celery,redis,noop,1000,4,3,1.348,741.7,1.35,740.8,2.8,3.8,4.4,2.8,4
celery-redis,celery,redis,noop,5000,1,1,5.367,931.7,17.582,284.4,6378.9,11457.1,12082.5,6378.9,1
celery-redis,celery,redis,noop,5000,1,2,6.371,784.8,17.795,281.0,6794.3,10974.3,11398.5,6794.3,1
celery-redis,celery,redis,noop,5000,1,3,5.286,945.9,16.537,302.3,5773.5,10715.5,11145.8,5773.5,1
celery-redis,celery,redis,noop,5000,2,1,5.686,879.4,9.596,521.0,2012.0,3764.0,3876.6,2012.0,2
celery-redis,celery,redis,noop,5000,2,2,6.37,785.0,10.324,484.3,2180.0,3725.4,3898.0,2180.0,2
celery-redis,celery,redis,noop,5000,2,3,6.241,801.1,10.203,490.1,2231.3,3764.9,3923.1,2231.3,2
celery-redis,celery,redis,noop,5000,4,1,7.53,664.1,7.532,663.9,3.2,4.6,7.2,3.2,4
celery-redis,celery,redis,noop,5000,4,2,6.72,744.0,6.65,751.9,2.9,3.8,4.4,2.9,4
celery-redis,celery,redis,noop,5000,4,3,6.602,757.4,6.603,757.2,2.8,3.7,4.5,2.8,4
celery-redis,celery,redis,cpu_small,1000,1,1,1.208,827.8,58.321,17.1,29091.2,54243.8,56543.7,29039.8,1
celery-redis,celery,redis,cpu_small,1000,1,2,1.155,865.6,61.579,16.2,30021.1,57333.4,59871.4,29954.9,1
celery-redis,celery,redis,cpu_small,1000,1,3,1.119,893.5,57.673,17.3,29117.4,53776.5,56030.5,29042.9,1
celery-redis,celery,redis,cpu_small,1000,2,1,1.21,826.3,31.627,31.6,14944.1,28790.6,30101.7,14894.5,2
celery-redis,celery,redis,cpu_small,1000,2,2,1.24,806.2,31.914,31.3,15433.1,29213.9,30373.1,15381.3,2
celery-redis,celery,redis,cpu_small,1000,2,3,1.268,788.7,30.275,33.0,14889.7,27595.5,28759.2,14835.5,2
celery-redis,celery,redis,cpu_small,1000,4,1,1.22,819.6,15.887,62.9,7579.5,13928.0,14538.0,7524.8,4
celery-redis,celery,redis,cpu_small,1000,4,2,1.245,802.9,15.802,63.3,7365.2,13864.1,14409.4,7313.1,4
celery-redis,celery,redis,cpu_small,1000,4,3,1.25,800.0,15.847,63.1,7434.0,13935.7,14462.3,7379.0,4
celery-redis,celery,redis,io_sleep,1000,1,1,1.03,970.9,58.683,17.0,29509.4,54614.8,57038.1,29459.3,1
celery-redis,celery,redis,io_sleep,1000,1,2,0.927,1078.4,58.415,17.1,28770.6,54717.5,56941.3,28720.3,1
celery-redis,celery,redis,io_sleep,1000,1,3,1.064,939.5,59.634,16.8,28733.5,55534.0,57947.1,28683.4,1
celery-redis,celery,redis,io_sleep,1000,2,1,1.024,976.4,29.988,33.3,14329.3,27482.8,28663.4,14279.2,2
celery-redis,celery,redis,io_sleep,1000,2,2,0.983,1017.2,29.838,33.5,14500.4,27385.2,28569.3,14450.2,2
celery-redis,celery,redis,io_sleep,1000,2,3,1.033,968.3,30.192,33.1,14366.1,27662.2,28870.3,14315.9,2
celery-redis,celery,redis,io_sleep,1000,4,1,0.975,1025.5,14.798,67.6,6941.7,13161.2,13717.2,6891.6,4
celery-redis,celery,redis,io_sleep,1000,4,2,1.072,933.1,14.741,67.8,6775.4,12993.8,13551.0,6725.1,4
celery-redis,celery,redis,io_sleep,1000,4,3,1.028,972.3,14.725,67.9,6796.5,13029.1,13585.5,6746.2,4
celery-rabbitmq,celery,rabbitmq,noop,1000,1,1,0.608,1644.6,2.108,474.4,785.0,1431.0,1487.6,785.0,1
celery-rabbitmq,celery,rabbitmq,noop,1000,1,2,0.609,1643.3,2.243,445.8,777.6,1557.0,1618.9,777.6,1
celery-rabbitmq,celery,rabbitmq,noop,1000,1,3,0.597,1674.0,1.924,519.8,647.4,1261.6,1314.1,647.4,1
celery-rabbitmq,celery,rabbitmq,noop,1000,2,1,0.641,1559.0,1.276,783.7,345.6,612.3,630.2,345.6,2
celery-rabbitmq,celery,rabbitmq,noop,1000,2,2,0.635,1574.7,1.223,817.6,324.6,564.2,583.9,324.6,2
celery-rabbitmq,celery,rabbitmq,noop,1000,2,3,0.66,1516.3,1.243,804.6,362.1,558.6,579.2,362.1,2
celery-rabbitmq,celery,rabbitmq,noop,1000,4,1,0.645,1551.5,0.749,1334.2,59.8,100.5,104.7,59.8,4
celery-rabbitmq,celery,rabbitmq,noop,1000,4,2,0.648,1542.1,0.749,1335.8,53.5,96.5,99.0,53.5,4
celery-rabbitmq,celery,rabbitmq,noop,1000,4,3,0.642,1557.6,0.744,1343.5,57.4,102.2,104.9,57.4,4
celery-rabbitmq,celery,rabbitmq,noop,5000,1,1,3.031,1649.7,10.399,480.8,3825.0,6963.0,7298.4,3825.0,1
celery-rabbitmq,celery,rabbitmq,noop,5000,1,2,2.967,1685.1,10.464,477.8,3763.5,7133.6,7428.8,3763.5,1
celery-rabbitmq,celery,rabbitmq,noop,5000,1,3,3.023,1654.2,10.661,469.0,4005.6,7227.3,7566.7,4005.6,1
celery-rabbitmq,celery,rabbitmq,noop,5000,2,1,3.066,1630.9,5.868,852.1,1573.0,2690.0,2777.4,1573.0,2
celery-rabbitmq,celery,rabbitmq,noop,5000,2,2,3.032,1649.0,5.848,854.9,1515.5,2657.3,2750.5,1515.5,2
celery-rabbitmq,celery,rabbitmq,noop,5000,2,3,3.085,1620.9,5.985,835.5,1648.9,2778.3,2874.2,1648.9,2
celery-rabbitmq,celery,rabbitmq,noop,5000,4,1,3.084,1621.2,3.628,1378.3,293.6,531.7,540.9,293.6,4
celery-rabbitmq,celery,rabbitmq,noop,5000,4,2,3.181,1571.9,4.009,1247.2,409.2,756.4,820.4,409.2,4
celery-rabbitmq,celery,rabbitmq,noop,5000,4,3,3.128,1598.7,3.716,1345.6,333.3,624.1,656.4,333.3,4
celery-rabbitmq,celery,rabbitmq,cpu_small,1000,1,1,0.622,1607.3,52.456,19.1,25794.4,49266.6,51330.0,25748.1,1
celery-rabbitmq,celery,rabbitmq,cpu_small,1000,1,2,0.626,1596.3,52.318,19.1,25820.5,49153.6,51173.8,25774.7,1
celery-rabbitmq,celery,rabbitmq,cpu_small,1000,1,3,0.637,1570.8,52.263,19.1,25745.3,49082.8,51137.2,25673.2,1
celery-rabbitmq,celery,rabbitmq,cpu_small,1000,2,1,0.67,1493.6,27.535,36.3,13476.2,25450.7,26615.6,13428.8,2
celery-rabbitmq,celery,rabbitmq,cpu_small,1000,2,2,0.656,1525.2,27.599,36.2,13568.7,25701.2,26697.9,13512.6,2
celery-rabbitmq,celery,rabbitmq,cpu_small,1000,2,3,0.66,1514.4,27.232,36.7,13302.4,25207.4,26312.2,13254.9,2
celery-rabbitmq,celery,rabbitmq,cpu_small,1000,4,1,0.758,1318.6,16.551,60.4,7988.2,15003.6,15671.9,7933.1,4
celery-rabbitmq,celery,rabbitmq,cpu_small,1000,4,2,0.743,1346.1,14.934,67.0,7332.3,13534.5,14055.6,7271.3,4
celery-rabbitmq,celery,rabbitmq,cpu_small,1000,4,3,0.682,1465.5,15.003,66.7,7255.2,13635.5,14196.6,7203.3,4
celery-rabbitmq,celery,rabbitmq,io_sleep,1000,1,1,0.583,1715.0,59.577,16.8,29652.0,56087.8,58451.1,29601.8,1
celery-rabbitmq,celery,rabbitmq,io_sleep,1000,1,2,0.596,1677.9,59.104,16.9,29376.5,55511.8,57906.2,29326.2,1
celery-rabbitmq,celery,rabbitmq,io_sleep,1000,1,3,0.595,1681.5,59.024,16.9,29462.0,55764.4,57893.2,29411.7,1
celery-rabbitmq,celery,rabbitmq,io_sleep,1000,2,1,0.576,1735.4,29.351,34.1,14564.8,27385.3,28483.7,14514.5,2
celery-rabbitmq,celery,rabbitmq,io_sleep,1000,2,2,0.593,1687.8,29.304,34.1,14352.5,27228.0,28406.7,14302.2,2
celery-rabbitmq,celery,rabbitmq,io_sleep,1000,2,3,0.586,1707.2,29.475,33.9,14417.6,27442.1,28606.4,14367.3,2
celery-rabbitmq,celery,rabbitmq,io_sleep,1000,4,1,0.658,1519.1,14.489,69.0,6863.1,13138.5,13714.1,6812.9,4
celery-rabbitmq,celery,rabbitmq,io_sleep,1000,4,2,0.597,1674.3,14.697,68.0,7073.0,13398.1,13979.9,7022.8,4
celery-rabbitmq,celery,rabbitmq,io_sleep,1000,4,3,0.598,1672.2,14.557,68.7,7057.5,13309.0,13856.0,7007.2,4
rq-redis,rq,redis,noop,1000,1,1,0.422,2368.8,76.27,13.1,37829.9,71917.8,75078.1,37829.9,1
rq-redis,rq,redis,noop,1000,1,2,0.438,2283.1,75.95,13.2,37904.5,71825.2,74778.7,37904.5,1
rq-redis,rq,redis,noop,1000,1,3,0.428,2338.1,76.427,13.1,37956.9,71979.8,75097.7,37956.9,1
rq-redis,rq,redis,noop,1000,2,1,0.454,2203.1,40.423,24.7,20012.4,37991.9,39579.9,20012.4,2
rq-redis,rq,redis,noop,1000,2,2,0.487,2055.0,40.736,24.5,20245.6,38225.2,39812.7,20245.6,2
rq-redis,rq,redis,noop,1000,2,3,0.423,2365.1,41.181,24.3,20117.7,38773.1,40368.5,20117.7,2
rq-redis,rq,redis,noop,1000,4,1,0.53,1886.3,22.456,44.5,11117.9,20855.1,21713.0,11117.9,4
rq-redis,rq,redis,noop,1000,4,2,0.472,2117.8,22.616,44.2,10986.3,21012.8,21866.3,10986.3,4
rq-redis,rq,redis,noop,1000,4,3,0.492,2032.7,22.362,44.7,10934.0,20807.3,21681.9,10934.0,4
rq-redis,rq,redis,cpu_small,1000,1,1,0.553,1807.4,145.563,6.9,72498.4,137776.3,143576.9,72424.4,1
rq-redis,rq,redis,cpu_small,1000,1,2,0.47,2125.8,145.07,6.9,72302.7,137382.6,143146.0,72225.1,1
rq-redis,rq,redis,cpu_small,1000,1,3,0.417,2400.8,145.292,6.9,72253.3,137594.8,143319.1,72188.1,1
rq-redis,rq,redis,cpu_small,1000,2,1,0.421,2375.9,77.406,12.9,38489.4,73024.3,76192.0,38418.8,2
rq-redis,rq,redis,cpu_small,1000,2,2,0.421,2376.9,77.339,12.9,38576.4,73097.2,76133.2,38492.0,2
rq-redis,rq,redis,cpu_small,1000,2,3,0.449,2228.3,77.484,12.9,38672.9,73151.2,76275.8,38604.0,2
rq-redis,rq,redis,cpu_small,1000,4,1,0.54,1850.7,42.876,23.3,21377.9,40061.0,41777.1,21259.5,4
rq-redis,rq,redis,cpu_small,1000,4,2,0.464,2153.0,42.686,23.4,21000.5,40146.1,41806.5,20916.1,4
rq-redis,rq,redis,cpu_small,1000,4,3,0.456,2193.0,42.949,23.3,21229.1,40326.6,42070.3,21154.5,4
rq-redis,rq,redis,io_sleep,1000,1,1,0.412,2428.5,133.584,7.5,66603.9,126556.7,131878.6,66553.7,1
rq-redis,rq,redis,io_sleep,1000,1,2,0.429,2329.7,133.795,7.5,66932.3,126720.3,132033.9,66882.0,1
rq-redis,rq,redis,io_sleep,1000,1,3,0.399,2503.4,133.74,7.5,66369.3,126635.3,131964.7,66319.1,1
rq-redis,rq,redis,io_sleep,1000,2,1,0.483,2071.0,67.848,14.7,33581.9,63915.2,66675.8,33531.6,2
rq-redis,rq,redis,io_sleep,1000,2,2,0.423,2365.1,67.864,14.7,33641.1,64080.0,66782.6,33591.0,2
rq-redis,rq,redis,io_sleep,1000,2,3,0.437,2289.3,67.875,14.7,33714.2,64036.3,66773.3,33664.0,2
rq-redis,rq,redis,io_sleep,1000,4,1,0.462,2166.7,34.107,29.3,16791.6,31997.2,33332.5,16741.5,4
rq-redis,rq,redis,io_sleep,1000,4,2,0.448,2234.6,34.198,29.2,16854.6,32144.8,33467.6,16804.4,4
rq-redis,rq,redis,io_sleep,1000,4,3,0.468,2138.1,34.111,29.3,16961.5,31996.3,33333.0,16911.3,4
rq-simple-redis,rq,redis-simple,noop,1000,1,1,0.582,1717.9,3.577,279.6,1644.8,2856.6,2968.3,1644.8,1
rq-simple-redis,rq,redis-simple,noop,1000,1,2,0.426,2347.7,3.329,300.4,1429.6,2756.6,2875.2,1429.6,1
rq-simple-redis,rq,redis-simple,noop,1000,1,3,0.464,2156.0,3.282,304.7,1456.9,2681.4,2791.2,1456.9,1
rq-simple-redis,rq,redis-simple,noop,1000,2,1,0.521,1919.4,1.99,502.5,832.8,1410.6,1457.1,832.8,2
rq-simple-redis,rq,redis-simple,noop,1000,2,2,0.473,2114.4,1.822,548.7,671.1,1283.5,1337.7,671.1,2
rq-simple-redis,rq,redis-simple,noop,1000,2,3,0.497,2013.5,1.837,544.4,688.0,1279.1,1328.7,688.0,2
rq-simple-redis,rq,redis-simple,noop,1000,4,1,0.599,1668.6,1.211,825.5,354.0,588.5,608.6,354.0,4
rq-simple-redis,rq,redis-simple,noop,1000,4,2,0.6,1666.4,1.183,845.7,322.4,565.3,579.4,322.4,4
rq-simple-redis,rq,redis-simple,noop,1000,4,3,0.572,1749.6,1.113,898.3,298.7,518.3,538.6,298.7,4
rq-simple-redis,rq,redis-simple,noop,5000,1,1,2.406,2078.3,17.258,289.7,7480.1,14142.1,14713.0,7480.1,1
rq-simple-redis,rq,redis-simple,noop,5000,1,2,2.239,2233.2,16.874,296.3,7532.1,13919.6,14487.6,7532.1,1
rq-simple-redis,rq,redis-simple,noop,5000,1,3,2.159,2315.8,17.067,293.0,7474.5,14104.6,14760.4,7474.5,1
rq-simple-redis,rq,redis-simple,noop,5000,2,1,2.525,1980.5,9.306,537.3,3628.2,6456.3,6717.9,3628.2,2
rq-simple-redis,rq,redis-simple,noop,5000,2,2,2.512,1990.4,8.873,563.5,3370.2,6052.8,6299.6,3370.2,2
rq-simple-redis,rq,redis-simple,noop,5000,2,3,2.421,2065.2,9.325,536.2,3574.7,6594.8,6843.5,3574.7,2
rq-simple-redis,rq,redis-simple,noop,5000,4,1,2.794,1789.4,5.722,873.8,1538.5,2810.5,2907.1,1538.5,4
rq-simple-redis,rq,redis-simple,noop,5000,4,2,2.723,1836.5,5.44,919.1,1421.1,2573.9,2688.1,1421.1,4
rq-simple-redis,rq,redis-simple,noop,5000,4,3,2.868,1743.3,5.564,898.6,1521.3,2579.5,2673.2,1521.3,4
rq-simple-redis,rq,redis-simple,cpu_small,1000,1,1,0.447,2237.1,52.936,18.9,26255.0,49920.7,51988.9,26209.7,1
rq-simple-redis,rq,redis-simple,cpu_small,1000,1,2,0.432,2315.2,52.753,19.0,26215.8,49539.4,51738.5,26170.6,1
rq-simple-redis,rq,redis-simple,cpu_small,1000,1,3,0.422,2371.5,52.555,19.0,26119.8,49593.8,51621.4,26074.3,1
rq-simple-redis,rq,redis-simple,cpu_small,1000,2,1,0.471,2122.0,28.05,35.7,13902.0,26187.5,27306.2,13853.9,2
rq-simple-redis,rq,redis-simple,cpu_small,1000,2,2,0.428,2334.1,27.924,35.8,13801.7,26122.5,27235.3,13755.1,2
rq-simple-redis,rq,redis-simple,cpu_small,1000,2,3,0.434,2305.2,27.74,36.0,13676.2,25831.3,27046.1,13628.7,2
rq-simple-redis,rq,redis-simple,cpu_small,1000,4,1,0.522,1916.6,15.633,64.0,7691.2,14433.4,14985.8,7633.3,4
rq-simple-redis,rq,redis-simple,cpu_small,1000,4,2,0.468,2136.8,15.653,63.9,7731.4,14442.3,15022.5,7675.6,4
rq-simple-redis,rq,redis-simple,cpu_small,1000,4,3,0.477,2095.3,15.212,65.7,7336.5,14034.7,14613.4,7278.6,4
rq-simple-redis,rq,redis-simple,io_sleep,1000,1,1,0.413,2419.1,63.753,15.7,31496.6,60187.1,62683.4,31446.3,1
rq-simple-redis,rq,redis-simple,io_sleep,1000,1,2,0.428,2336.9,63.337,15.8,31405.2,59824.0,62249.1,31354.9,1
rq-simple-redis,rq,redis-simple,io_sleep,1000,1,3,0.415,2407.0,63.579,15.7,31387.8,60136.0,62584.4,31337.7,1
rq-simple-redis,rq,redis-simple,io_sleep,1000,2,1,0.433,2308.2,31.649,31.6,15446.3,29585.5,30900.8,15395.9,2
rq-simple-redis,rq,redis-simple,io_sleep,1000,2,2,0.405,2468.7,31.591,31.7,15679.5,29663.0,30855.9,15629.3,2
rq-simple-redis,rq,redis-simple,io_sleep,1000,2,3,0.435,2297.0,31.415,31.8,15446.7,29445.6,30673.3,15396.6,2
rq-simple-redis,rq,redis-simple,io_sleep,1000,4,1,0.435,2300.4,15.45,64.7,7521.1,14277.3,14888.4,7470.9,4
rq-simple-redis,rq,redis-simple,io_sleep,1000,4,2,0.447,2234.8,15.466,64.7,7511.9,14259.2,14897.6,7461.7,4
rq-simple-redis,rq,redis-simple,io_sleep,1000,4,3,0.406,2460.3,15.495,64.5,7595.7,14333.6,14958.5,7545.5,4
